company,title,main_comment,invited_or_not,rating
The TJX Companies,TJ takes no care in how they pack their‚Ä¶,"TJ takes no care in how they pack their online orders. I got a huge box of heavy items and more than half of it was ruined and leaking. Only one or two items had protective bubble wrapping. All thrown in a huge box, no cushioning.Of greatest concern was the fact that there were four very heavy rechargeable batteries in the box. This is most likely what caused a lot of the damaged items. They were labeled, ""Hazardous"" and ""Wash Hands after Handling"". The presence of these hazardous batteries were the deciding factor in my decision to take the return in to the store rather than returning it by Fedex. I went through the invoice and marked the quantity of damaged items, organized them by type and took to the store for return. This was a large order and this was quite a bit of work, but I figured it would simplify things when I went in. Still, the in-store part took well over an hour and the ""coordinator"" was patronizing to the point of being entirely rude.When I told her about the batteries, she attempted to refuse accepting them, saying ""We have no way to dispose of these."" She called a manager over and beckoned to her to have a private conversation in an adjoining cashier bay, behind a dividing wall. As if I were suspect. I went around the barrier and questioned why the conversation needed to be private.The manager told me that that store was getting a new recycling vendor within the next week or so and that they would dispose of these properly. After that exchange, the coordinator dropped her snide and condescending manner.Although I had the invoice, the number was not on it, so I had to either accept a store credit or come back. Also, I had not brought the credit card I had used for the transaction (silly me, I thought that would be in their computer), so I accepted the store credit. I did, however, refuse to show my driver's license. I had a valid receipt. It was not my fault it didn't have the needed info on it. Plus I had to wait a good half hour while the coordinator keyed in all the info because of the lack of the invoice number on the TJonline-printed receipt. Normally, I would've just showed the license. But they were treating me like some kind of bum despite the fact of being greatly inconvenienced by TJ's foul ups. I had counted the items and totaled so that it would be easy to determine if I had received the correct credit. When they came up one item short in their count, the manager was called again. Her count was one item short. To verify my notes made ahead of time (made specifically to avoid this type of issue and time wasting), I counted and found my notation was correct. Another thing I would've just passed over if I had not been treated in such a disdainful manner.After an additional five minutes wasted, their finally conceded that my count was the correct one. Did they say, ""oh, sorry""? Lol.Any time I pointed out their unhappy as-if-I-were-somehow-to-blame demeanor, they kept saying ""Online returns are such a problem"" or something like that. Yes, I understand that. But they ARE on the clock, no? They made it very clear that I was a nuisance.Conclusion: Don't order too many items in one order, don't mix heavy items in one order. Use their return tag to return damaged items. When they say you can return online items to the store, it doesn't mean you'll receive civil treatment if you do that.",0,1
The TJX Companies,Tried to pay with my Tjx card which is‚Ä¶,"Tried to pay with my Tjx card which is in good standing and has $1700 to spend. I went to check out and it got declined, the service rep just stood there as I tried to understand why my card wouldn‚Äôt work. I asked her if there was another way to pay without the card and she said no. I went in my app and I see a digital card that says for me to give to a rep at checkout which annoyed me because she had just told me there was no other way? I gave her the digital card and she almost refused to try it until the manager(crystal) came over and entered it in. It still didn‚Äôt go through and I asked her what to do and she tells me to call, meanwhile it‚Äôs 9:00 at night and I was just standing online for 30 minutes, I have a pregnant wife with me and a 3 year old, and she can‚Äôt do it cause it‚Äôs not her account she tells me... there‚Äôs nothing she can do. This is the worst response a manager can say to a customer who is looking for help and trying to make a purchase. The business SUCKS. Employees are miserable and lazy. I will never go back to TJ Max in Poughkeepsie, NY, it is trash.",0,1
The TJX Companies,I opened up a charge card and I was‚Ä¶,I opened up a charge card and I was quickly approved and I was happy about that I bought like $175 worth of stuff and I took back most of it except for a bathing suit I think the bathing suit was $29 when I got my bill it was $150 needless 2 say I won't be shopping there anymore I paid the bill but I'm done,0,1
The TJX Companies,Will never shop online on TjMaxx!!,"Will never shop online on TjMaxx!!Buyers beware!!!Took my order forever to get here! Received damaged items!Costumer service the worst ever!! Not helpful at all! Will return the whole order just by how I‚Äôve been treated by their costumer service.Will never buy there online again! I am a costumer who goes to their store every week and obviously spend money there, now I won‚Äôt go there hopefully in a very long time!!",0,1
The TJX Companies,Shari in St Charles MO is amazing,"Shari in St Charles MO is amazing, as well as her team!",0,5
The TJX Companies,Tjmaxx scammed me and gave me an empty black box for $80 instead of the ring I purchased,I purchased a ring from tjmaxx.com and I only received an empty black box. I contacted customer service and they didn't do anything about it. I am out $86 and I want to warn others about purchasing jewelry or other expensive items from tjmaxx. I believe whoever worked at the packaging for the online store stole the ring.,0,1
The TJX Companies,Probably one of the best companies to‚Ä¶,Probably one of the best companies to make it through a pandemic. Still open late and have the best deals. The lines are long but that's ok when you're getting good deals,0,4
The TJX Companies,I ordered a lot of clothes online from‚Ä¶,I ordered a lot of clothes online from tj maxx for me and my kids a few week back and I received all my items. I made 4 orders and didn't have a problem with any of the orders. My first order took 9 days but the other 3 only took 7 days. The clothes looked great!,0,5
The TJX Companies,On-line Orders/Website,"I placed an order a couple of days ago. I just received an email notification two of my items were cancelled. One of the cancelled items was the main reason why I placed the order in the first place. I purchased additional items in order to save on the shipping charges. I called TJ Maxx's customer service to ask if I can order a sized up on the same item. After the rep asked a few questions, she then tells me my order cannot be modified or cancelled. I can understand if I decided to add an item or exchange this item with a totally different item, but I wanted to adjust my order based on the lack of efficiencies of TJ Maxx. Their website should have been updated immediately the size I wanted was no longer available. I would have ordered the next sized up at that time. Going forward, I will not be making any more on-line purchases with TJ Maxx.",0,1
The TJX Companies,These stores are very bias they cater‚Ä¶,"These stores are very bias they cater to the skinny people only one rack for plus size, whoever does the ordering for ALL T J MAXX SUCKS HAS NO IDEA WHAT TO ORDER. I DON'T and will not shop there ever again and will not recommend others as well.",0,1
The TJX Companies,I have loved this store forever,"I have loved this store forever! Most of their products are amazing. I've gotten some brand name clothing for great prices. Also, some really nice home furnishings. My favorite item is a beautiful stained glass lamp that I got for $79. The same lamp was $200+ in regular stores. Pre-Covid I went to the store at least once every couple of months. Their stock turns over fairly quickly, so when you find a deal, buy it right away. I'm so looking forward to being able to do in store shopping soon. My local store is very clean and organized, and the staff is friendly and helpful. I've only had to return one item over the years, and they were very accommodating. I have not tried out their online store, so cannot comment on that aspect.",0,5
The TJX Companies,Customer service sucks,"Customer service sucks! The employee who is not a native speaker and has an accent, cannot get past the start of the call, as the computer does not understand accented English! Discrimination!!!!!!!!!!?????",0,1
The TJX Companies,Tj credit card,Because I made an additional payment on my card to make room for a big purchase they locked my card!! The rep and supervisor said they have that right to do that for 21 days!!! It was an 8 day hold for me. Pissed!,0,1
The TJX Companies,Terrible Credit Service,"I would like to be clear, that the store and most of the staff here was friendly and helpful. The issue began when my mom was encouraged to open an account, which she did. The associate entered her previous address which she indicated was not correct both before and after it was processed. The sales associate informed her she would be able to call and fix this issue or change the address online....My mom is not tech savvy so she called and after three hours and several transfers she was told that they would mail her the change of address information...but to the WRONG address!I called back with her and was informed that to change her address to the correct address she would have to send a five second video of her holding her driver‚Äôs license, and two proofs of address (they used an example of utility bills or bank statements). Seriously?! To open the account they only asked for her driver‚Äôs license and social security number, when it comes to changing the address to receive the bill so she can pay it, they want to verify as much as one would have to for a passport. It was just shy of asking for a DNA sample. Five transfers, later, we paid the bill online and closed the account. I asked if we could receive and email for payment confirmation as well as verification for the account closure and you guessed it, ‚Äúit will be mailed‚Äù....to the wrong address ü§¶üèª‚Äç‚ôÄÔ∏è This is ridiculous and unacceptable. A company that is so quick to open an account with little information and virtually no security precautions to protect a person‚Äôs identity, but makes it impossible to fix a mistake THEY made on an address so the customer can pay their bill; should re-evaluate their policies immediately. Feel free to shop the deals, but know if you open a credit card with them, you will also be opening a can of problems and aggravation. Happy shopping...",0,1
The TJX Companies,mismarked merchandise,"I have been a loyal TJM customer for over thirty years, and am pleased with the merchandise and gift selections. However, this is the third time an item I wished to purchase at the Greenwood Village, CO store was apparently mismarked and they refused to give me the sale price on the tag. This is not the customer's fault and disappointing when we are shopping for sales. The store needs to honor the tags that are on the items.",0,2
The TJX Companies,Filthy Clothing For Sale,"Last Sunday I was at TJ Maxx Pensacola,Fl and looking at a The North Face jacket. I noticed it was dirty on the inside (stain on collar; dirt stains around inside pocket and condemns in the pocket. I asked to speak with a manager and it took about 5 minutes for her to arrive. I showed her the jacket gave her the handful of condemns and asked if they sold used merchandise. She just smirked at me. She told me no one had worn it. Especially as expensive jacket. I felt like I was bothering her. I just thought the store would like to know. She did apologize to me when I turned around to leave.",0,1
The TJX Companies,It's as expected,It's as expected. I found some pretty good deals at the Lakewood store but its messy in there. They need more people refolding and keeping it in order. Or they need better customers. Found a great pair of Sketchers slip on sneakers - comfortable and less than thought they'd be. TJ Maxx is good for your average person on a budget,0,3
The TJX Companies,For more than 5 times I don‚Äôt receive‚Ä¶,"For more than 5 times I don‚Äôt receive my online orders from both tjmaxx and marshalls when i call the customer service they told me i have to wait 15 days I don‚Äôt know what i have to wait for if it‚Äôs showing delivered it‚Äôs not, when i ask to speak with manager or supervisor they told me they‚Äôre busy Sorry?????? Am i customer or a member of the family they‚Äôre really unprofessional I‚Äôll never buy online or in store",0,1
The TJX Companies,Gainesville FL the best store with‚Ä¶,Gainesville FL the best store with great customer service.,0,5
The TJX Companies,CEO of Tjmaaxonline help,"I just need help, hopefully the CEO of TJmaaxonline.com would come across this review and help me. They blocked my account, my husband and everyone who lives in our household for the last 2 years. I called and emailed 300 times and nothing was done. We feel very frustrated and our rights as consumes have been TAKEN AWAY. HELP !",0,1
The TJX Companies,TWICE!!!,TWICE!!!! Sent me wrong size shoe. ordered 36.5 sent39.5 TWICE!!!!!!!!! now out of MY sizeMemphis warehouse,0,1
The TJX Companies,"The TJMaxx store in Bellevue...The Manager Thomas - horrible experience, racist!!!","The TJMaxx store in Bellevue, WA double charged a purchased i made. I took the receipt and bank statement to proof a point. The store manager named Thomas was arrogant, non apologetic and kept blaming my Bank of America. The fraud dispute department of the bank said that this happens all the time but with the receipt and bank charge that is proof enough to credit you for the double charge but this manager didnot even attempt to help. No customer service whatsoever. He was racist, cold and just simply didnot want to be helpful. He said it's not their problem, but guess what? They charged my card not the bank Who on earth gave this old racist fart this job! Tj Maxx, you better look into this old fart ...too lazy to help, or he didnot know how!",0,1
The TJX Companies,Many times Tjmaxx.com cancels my order,"Many times Tjmaxx.com cancels my order, days after ordering. I call customer support to ask why they cancel when there are several available when I order. The initial customer service person and then their supervisor say ""Sorry"". But can't tell me why their website/inventory is not accurate. Not helpful, not friendly. Beware.",0,1
The TJX Companies,TJ Maxx - Omaha Westside Store an Absolute Pleasure for Covid Shopping,"TJ Maxx: West Side off of Center, Omaha, NEBased on in-store experience Monday 12/14/2020. I am really impressed with the comfort I had shopping at TJ Maxx in the time of Covid. My shopping companion had a blood sugar drop, and we needed to find her some food, the TJ Maxx employees were helpful in stashing our cart and extremely friendly. The greeters and cart wipers at the door made a lasting impression - - - you know when you can tell someone is smiling by their eyes? - - - these are genuinely nice and happy people who you could see made other people smile.As always - I found exactly what I was searching for plus some and am glad to have gotten my christmas presents here! Thank you TJ Maxx",0,4
The TJX Companies,Only got one item I paid for.,"Bought a pore strip and a strawberry face mask, but the cashier dropped both and only put one back in thr bag. I paid seven dollars and only got one of the items which is worth two dollars. Realized that she didn't put one in when I looked in the bag after I got in my car and couldn't find it. I remember hearing something drop when checking out. Awful",0,1
The TJX Companies,"very disappointed. Wrong item, items cancelled, never received the rest of my order","I am very disappointed in TJ Maxx‚Äôs online services. I ordered five items on October 20th and was told it could take up to 10 business days for my package to arrive. A few days after placing my order I received a notification that one of the items I ordered was out of stock and so I was refunded. Approximately 10 days after my order I received a package from TJX containing one item that was not what I ordered. I called customer service and they were able to resolve the issue. Since then I have called twice to check on the status of my other three items that still have not arrived (it is now nearly December 4th). Two weeks ago, during one of my calls, I was told that part of my order had shipped and I should receive it in the next couple business days. I still have nothing from my original order that was placed 45 days ago. I‚Äôm very disappointed as I‚Äôve always been a loyal and frequent shopper at TJ Maxx. I plan to call again again tomorrow to see if I can be refunded. If you are looking to buy gifts in time for Christmas, I suggest you consider shopping elsewhere. :(",0,1
The TJX Companies,I love this chain of shops,I love this chain of shops. They always have new merchandise and my size specifically.Prices are low and there is no limit on returns or exchanges,0,4
The TJX Companies,I was recently on the TJ Maxx website‚Ä¶,I was recently on the TJ Maxx website to pay my credit card when I came across a letter posted on the site regarding Racial Injustice. Upon reading this letter and how the corporation is donating 10 million dollars to various organizations I decided to inquire what the company is doing for our country's fallen officers. I have yet to receive a response ? I have canceled my account . Think about this before spending your money at their stores.,0,1
The TJX Companies,I placed an online order on October..,"I placed an online order on October 18th. I paid for shipping, and it stated it would take 10-15 business days. I paid $100 for my order. It has been over the 10-15 days, and I have received ONE item from my order. None of my other items are even shipped yet. In contacting customer service, their response was that due to health concerns there are delays. I understand that things will be slowed slightly due to the pandemic, but to not even be able to give me a time frame of when I will receive my order is unacceptable. The one item shipped several days ago, and I have heard nothing since that shipment notification. Why am I paying for shipping which isn‚Äôt even fulfilled? What is the timeframe of my order? It‚Äôs too late to use what it was purchased for. I am hoping that at least it may be here before Thanksgiving. I am a regular shopper at TJ Maxx, and this experience is beyond disappointing.",0,1
The TJX Companies,Ally is amazing at the Marconi TJ MAXX in Sacramento,"I was recently in Sacramento visiting my family and went to TJ MAXX store on Marconi Ave. they were pretty busy that day and it was hard to find help right away but there was one employee that seemed to be helping people all over the store. She must have been management because she was having to help a lot at the cash registers it seemed. I believe that's where she was when we first noticed her. This girl had her hands full that day and when I was in the towel section confused and bewildered with what I really was needing, I was so thankful when she noticed me and asked if I needed some help. She was the nicest girl and during her time with me, another store employee came to her with a problem and I didn't mind and told her to go ahead and she seemed to have all the answers this other employee needed and when finished, apologized to me for the interruption. All I can say is that this girl absolutely takes the cake for being amazing at her job. I just hope that this store knows how lucky they are to have someone like her. I haven't experienced a sales person like that anywhere for a very long time. Her name was Ally and I hope to see you the next time I come into your store, Ally! Thank you, so much!",0,5
The TJX Companies,Poor customer service,"I used to love TJMaxx store, sadly, had an item wanted to return. When I reached to the register told the associate that ,"" I do not have the receipt"" Lady pretended that she did not hear me the first time, and asked me again, ' I replied and said, "" I already told you that I didn't have the receipt. She was panicking about the response In a rude way, demanding for my driver's license, complied to the request,stood there for a long time I kind like wander about what was going on, it seems like she made a short story long.Before proceeding on to the storeI reviewed the return policy I had no problem getting the store credit. But was displeased with her reaction and mistreatment,due to a missing document, as a result of this incident. I will refrain myself from shopping at TJMaxx stores. Every human being deserve to be treated with respect.",0,1
The TJX Companies,Had a bad experience shopping at TJMaxx‚Ä¶,"Had a bad experience shopping at TJMaxx in Bridgewater, NJ today. The manager Pilar was impolite and mean. They convinced me to apply a card with 10% off coupon but refused giving me the coupon since the process was been reviewed. I wasted 20 minutes for this scam and didn‚Äôt get any support from the manager. I had to leave the store with tears. I will not visit there anymore.",0,1
The TJX Companies,Fun to shop at,Always fun to go to the local TJ Maxx and treasure hunt. I only buy when the prices are 1/2 retail or better. Lots of variety- I can shop for the whole family.,0,4
The TJX Companies,The customer service people are behave‚Ä¶,"The customer service people are behave with customers based on the look and color, I noticed one of the cooking pot missing label and when I asked for price she said its 100 bucks but and for another person she said it 50$ i was so mad but dont want to get her in trouble and manager is more ridicules than her.",0,1
The TJX Companies,Pretty good...,I ordered a shirt and it got here quick and it's not broken or anything along those lines. The only thing is that I don't feel like its worth 30 dollars. Other than that its pretty good!,0,4
The TJX Companies,This is for your online orders,"This is for your online orders. Please limit the amount of Rae Dunn items to customers. You have the resellers and people making raffles for these items you sell online. They will have the link and buy 20-100 items and resell them on, Mercari, Ebay, Facebook and Instagram for ridiculous prices. I will not be making anymore purchases online till you fix this problem. It is not fair people to be paying these inflated prices and basically your company supporting this situation. Somehow I will get others to speak up and stop buying from these crooks. Update;Tjmaxx doesn‚Äôt even care as long as the are making their profit. They are as greedy as the resellers. Totally disappointed and will not be shopping on their website.",0,1
The TJX Companies,The online order is unacceptably slow & they don't reply your email,"I like shopping in their physical stores and though the online order would be smooth as other venders. But this is my worthiest online order experience. I placed an order on 9/13/20. They notified me of about cancelation of my order as below: ""We‚Äôre sorry, we were unable to fulfill your order for the item(s) listed below. You won‚Äôt be charged for this transaction. If you have any questions, please call us at 1-800-926-6299."" We I called, I was being put on hold for a long time. I emailed back and asked if my whole order was canceled, but I never got a reply form TJMaxx. The order suprisingly arrived on 10/5. But their return policy was to return within 30 days of purchase. With this shipping timeline, you got about a week return window only. I don't understand why they don't give customers 15 days of return window counting form the date you received your order. This is happening to my another Marshalls order as well. My Marshalls order was placed on 9/27, they emailed me about cancellation on 10/19.",0,1
The TJX Companies,Never ordering online again!!,"While I love going to TJ Maxx stores, I thought it would be just as easy purchasing something online. I purchased ONE item on September 11th and have not heard back or received any emails since then. I'm writing this review on October 2nd, way past their promised 10-15 day delivery date!I called their customer service today and was told I can put a ""request to cancel"" as opposed to cancelling altogether, which means I have to wait even longer. I've already waited WEEKS before trying to cancel, and they are making me wait more. All this trouble for just one item which probably never left the warehouse. This item was a piece of furniture and a little pricey which makes this whole experience quite unfortunate and inconvenient. This is the absolute worst online shopping experience I have ever had.",0,1
The TJX Companies,I am a proud current employee at the‚Ä¶Las Vegas DC,"I am a proud current employee at the Las Vegas DC. This company is more than exceptional, almost a family atmosphere within its walls. Sure every business could always improve at something, but this company strives to do its best concerning associates and customers alike. Management is helpful, associates could use some work, and supervisors, especially mine, are very much appreciated. They do an awesome job!",0,4
The TJX Companies,Weird policy,"Weird policy, I have been a customer for long time, visit the store weekly, went today to get a piece of jewellery that marked down few times , I was paying for other pieces and I saw the one I wanted to buy taken by the customer service people there , I asked them if I can buy it and I have been told that it was marked out and I asked what is that mean , I have been told that it is damage and will be return , I told them I needed it and I will pay whatever marked down on it , they said no they can‚Äôt sell it , it was there just two minute for sale before they took it, that is weird not to sell something that was for sale two minutes before they marked it out, wasn‚Äôt very happy.",0,3
The TJX Companies,I've been a longtime customer of TJMaxx‚Ä¶,I've been a longtime customer of TJMaxx in West Lebanon NH. Today I was told to throw away my empty tj return bag myself. The trash can had a liner that was in the can half way so I couldn't put my bag in the liner. I mentioned it nicely to the lady standing right there attending to the hand sanitizer-she looked at it-then just looked ahead-too lazy to fix it. I also noticed the only music you could hear was when you were standing at the registers-nowhere else in the store. It seems like the least they could do would be to have music like they did before covid and put a liner in the trash can if they're asking you to throw away the return bags. Not wanting to shop there again.,0,2
The TJX Companies,"A zero star goes to the one in Concord, not coming back","A zero star goes to the one in Concord, CA. Unprofessional and unhelpful. My sister purchased a small pot a couple days ago, came back home boiled some water hoping to clean it (that's what we do with new pots), and then the water started leaking from the handle of the pot, it was leaking BADLY and started rusting on the bottom (after two mins), so I stopped using it and turned off the burner to avoid a potential fire. Then we went back to the same location today hoping to return it (thinking that it was returnable for sure, since it's a freaking quality issue). The employees were super impatient and told us ""no you can't return it, it's been used, and we can't put it back on the floor, sorry"" even after I told her that we only used it once to find out that it's a DAMAGED PRODUCT that shouldn't even be on the floor in the first freaking place. I'm def not coming back to this location and thinking about cancelling the membership, I know they probably don't care about their customers, there's little that I can do but I'll tell all my friends to not shop at TJMAXX since you sell poor quality items and have terrible attitudes towards customer, what A SCAM!",0,1
The TJX Companies,COVID WARNING,"COVID WARNING! I shopped at TJ Maxx in East Windsor, NJ this afternoon. I was in housewares going the right direction according to the arrows at the end of each aisle when a man entered from the opposite direction and stopped next to me. I gently said, ""Excuse me but the aisle is one way."" He firmly said that he was well aware of his position. I said that we were not properly distanced from one another (about 2 feet at most). He repeated that he was aware of where he was. I was stunned and looked at him in surprise. That means that he intended to violate the recommendations. This was my first time to be confronted in a predatory manner about the observance of Covid protocol. I have been in grocery stores and TJX and there are always people who are not aware of the one-way aisles but no one has been pointedly aggressive. While I do not like mentioning this next bit of information, I am going to take the risk. He was a black man and his tone made no mistake that he was acting out or trying to initiate a confrontation. I quickly left and went to checkout where I asked to speak to a manager. I told her of the incident and she said that she could not do anything about this. She is not allowed to make announcements about distancing and the use of the aisles. ""We cannot force people to comply"" were her words. I was stunned. I hear these announcements in other stores. By the way, my handbag with a bright purple ribbon in remembrance of John Lewis was prominently displayed in my cart. This man needs help understanding that his anger is not going to further the work of Black Lives Matter so we cooperate for the good and safety of all. I am upset by this experience with the man and certainly with the lack of management leadership from TJX. On a positive note, I love shopping at TJX stores. I have been a loyal customer since they opened but will have to stay away now until the Covid is not a threat. A TJX store is not a safe retail experience.",0,1
The TJX Companies,I'am going to talk about Beaverton TJ‚Ä¶,I'am going to talk about Beaverton TJ Maxx. It is always a line to check out. Any days a week any time. Employees move slow and without desire to help. Even a coordinator/ manager there not friendly and not kind. But I still like things what they are selling.,0,2
The TJX Companies,"Great staff, variety, and prices!","The cashier/staff were extremely friendly and kind towards everyone, the selection and variety was good, and the prices were, as always, spot on! Overall, my experience at my local TJ Maxx store was very pleasurable. I will be back!",0,5
The TJX Companies,The most horrible experience ever,"The most horrible experience ever, I placed an order for a designer handbag and the order processed successfully, after 7 days I get an email stating the order has been cancelled with no explanation given, i called customer service and even they dont know the specific reason why the order got cancelled, the rep said it could be because item is not available but she was not really sure. Thinking it could be an error. I placed another order of the same item and bought another handbag in addition, later I decided that I would like to cancel the order for 1 of the handbags because my wife did not like the color. i called customer service after 3 hours of placing the order the representative said we dont cancel orders...what? I asked specifically do you dont cancel orders for handbags, he replied NO we dont cancel orders period. I would have to receive the item and then go return it in the store. Although you are getting the best price, you will get the most lamest service as expected from a low class company like TJX. Never buying anything again from here. My recommendation, save the headache and shop elsewhere.",0,1
The TJX Companies,I've always liked TJX companies,"I've always liked TJX companies. You can find designer products at amazing discounts. I can't speak for their use of sustainable sourced or cruelty-free products as I don't have enough information, but I always enjoy going into their stores and finding great deals.",0,5
The TJX Companies,TJX Companies,"TJX Companies, Inc., knows that rabbits and other animals suffer and die violently in the angora and fur industries, but they don't care. TJX companies are subhuman trash.",0,1
The TJX Companies,Big dislike,Big dislike! Zero stars!,0,1
The TJX Companies,Online orders can be improved.,"Stores are pretty good. Sometimes they have the same product that is being carried at Nordy rack stores at the same time.However returning at TJX is a hassle for any online orders.You must have their original polybag packaging (which most stores don't require).Also they don't have automated tax calculation to make sure you get the correct tax back. So beaware. They have to manually change it.But honestly, they have some high end brands on their online store which is really amazing. But you can't search for these brand names bc they are hidden.",0,3
The TJX Companies,I love this store reasonable prices and‚Ä¶,I love this store reasonable prices and nice clothing,0,4
The TJX Companies,TJ Max makes people wait in extreme heat,"I live in St. George, Utah. Covid 19 did not affect us much. We did not have a lockdown. We had very few serious cases. It is voluntary to wear a mask, except when you shop at Costco and I stopped shopping there. T J Max has a line of 50 people not standing 6 feet apart, every time I drive into their parking lot because they are limiting the number of people in their store and I just drive right out. It is over 100 degrees outside. While TJ Max thinks they are protecting people from Covid, they are contributing to people getting a heat stroke. I can go anywhere else and get in just fine. Their policy is useless just because people are huddled close outside waiting to get in, and they are adding to people's health problems by exposing them to extreme heat.",0,1
The TJX Companies,Love this place!,I have always had a great experience here. Cute clothes for low prices. Plus a mixture of other household items. I love TJ Maxx!,0,5
The TJX Companies,Excellent prices and products!,I love this store and Marshalls!,0,5
The TJX Companies,Excellent products,,0,5
The TJX Companies,I love ordering items online from TJX companies!,"I‚Äôve had great experiences ordering multiple items online and returning them to the store or through the mail. They do not have the variety they have in the stores, but, I regularly order items from here rather than having to go to the store - especially for prom dresses, maid of honor dresses and difficult to find sizes for my husband and son.",0,5
The TJX Companies,Great company,"Great styles and pricing. I absolutely love shopping all their stores. Marshall‚Äôs, TJMAXX and Home goods.",0,5
The TJX Companies,Why tj maxx stores still open,"Why tj maxx stores still open? They dont care about people,they dont respect what government is asking.Is it essential business? Really???",0,1
The TJX Companies,Be aware of their credit card policies!,"If you get their credit card and you pay early, you get penalized. My payment was due on the 28th of the month and I posted a payment on the 4th of the month to almost pay off the balance. I got charged and additional $25 fee plus additional interest. Bad business in my opinion. i called Customer Service and they grudgingly removed the charge then proceeded to lecture me that it is not the correct practice to pay in advance. So my thought is, if I had paid my balance in full before the statement came out then I would've been penalized for paying it off.",0,1
The TJX Companies,unavailable merchandise listed as available,They have items on their website but they are never available. If you put them in your cart it says out of stock. Why would you have it on your website if it‚Äôs not available. SHADY!,0,1
The TJX Companies,I shall never buy again,Cheap products but if you end up buying a defective one....stay serene as you can be sure there will be no service at all!,0,1
The TJX Companies,Does NOT accommodate plus size females.,"I have gone # times to Marshalls which is part of this group of companies & to be honest: Marshalls is terrible as far as it does NOT accommodate plus size females. I have tried to shop there for few items BUT largest size I have found in female items is x-large. They do NOT even have undergarments in larger sizes. So I prefer shopping @ their competitor Ross. Ross is reasonable & have larger selection of plus size clothing. In a world where so many are dealing with being over weight, why is it Marshalls does NOT accommodate this category of people?",0,1
The TJX Companies,I have only had negative experiences‚Ä¶,I have only had negative experiences ordering online with TJMaxx. They have forgotten to send items then they become out of stock. They also sent me the wrong item and instead of offering free return shipping they made me go back to the store to return it or pay for shipping.. for their mistake!! They never even sent me the correct item. WORST customer service!!,0,1
The TJX Companies,TJ Maxx is great!,I love TJ Maxx! I always find great deals on cute clothes.,0,5
The TJX Companies,TJ Maxx Credit Card,DO NOT get a TJ Maxx CREDIT Card because they RIP OFF customers. Their card payment window is from the 5th to the 28th if you pay on any other day of the month you will get a late fee and your payment will not go towards the next month's payment. If you set up auto payments for any days of the month between the 28th and the 4th of the next month you will accumulate fees. They do this on purpose to make more money off their cards.,0,1
The TJX Companies,"The ""Great"" TJ Maxx is gone.","When TJ Maxx first came to my city, the store was my favorite. I found ALL of my clothes there. The selections of jeans, T-shirts, and workout gear were fantastic and great quality! I felt like I was getting name brand mall clothing at steeply discounted prices. The store was just great!!!Flash forward about 3 years since the store has been there...... the store and the selections are terrible! The men's section has slowly become a collection of cheap nameless T-shirts, unattractive Under Armour gear, and old jeans. The ""quality' clothing is gone. Now, they are no better than Burlington. I liken my current TJ Maxx shopping experience to my favorite restaurant suddenly taking shortcuts with the meals, changing recipes and changing the menu to cut costs.......the loyal customers can certainly tell the difference.Dr. Dave",0,2
The TJX Companies,Do not order online,Do not order online! I ordered a bunch of boys‚Äô clothes for my son for Christmas. Shipping was long & they didn‚Äôt include one of my sweaters which was already a little overpriced!! I contacted customer service NUMEROUS times about shipping my item or a refund/exchange & nothing. Would have liked this store but now I will not order from them again!,0,1
The TJX Companies,Love tj maxx!,,0,5
The TJX Companies,No receipt,"No receipt, no money back if it‚Äôs junk. It‚Äôs their policy. Their policies accuse you of stealing the item in question, otherwise they would give your money back. You can show them the debit from your account that matches the item being returned and NOPE! It‚Äôs their policy! This is why Amazon is going to put this and other stores like them out of business. They will blame Amazon but it all boils down to their ‚Äúpolicies‚Äù what a shame. The countdown has begun. Kmart, Sears, who‚Äôs next? TJ Max= Total Junk to the Max.",0,1
The TJX Companies,I don‚Äôt know about everyone else but my‚Ä¶,I don‚Äôt know about everyone else but my experience here is great every time. How can you not love this place. I always get me some nice Ralph Lauren button down shirts along with some Ralph Lauren polo shirt for work. The entire is always great. Nice high-end designer molding for a low bargain price. If I am not here I‚Äôm usually at Marshall‚Äôs. Either way it‚Äôs a win!,0,5
The TJX Companies,Good deals!,"I never liked how their website looks so never ordered online. I do go in the store for the discounts in the make-up section and not only! Great prices for stuff on sale. I can't believe someone in their fifties got mad when an associate pointed out they're trying on kids clothes. That's a reason to complain? The levels to which the American customer is entitled is crazy to me. If you cry because you're trying on kids clothes and someone points it out you probably need a therapist!Overall, I always enjoy going into TJ Maxx and I always find good deals.",0,5
The TJX Companies,Very nice store with good items some‚Ä¶,"Very nice store with good items some are a little expense for your taste, take time to find a barging.",0,5
The TJX Companies,Went to the Somerville MA TJMax,Went to the Somerville MA TJMax. It sucks. Unorganized. Out of control. Couldn't wait to leave. Prices way too high.Never ever again.,0,1
The TJX Companies,My daughter got a credit card through‚Ä¶,My daughter got a credit card through this company of $1900 credit limit. I her mother had surgery and soon afterwards taking care of the bills and accidentally closed her account over the phone. I have contacted in all I get is the bank saying she cannot have it back into reapply. So I reapplied and guess what they denied her. It was a plain and simple accident that they will not reinstate her credit card that she only used once. They are unwilling to do anything about it. A simple one number that I pushed accidentally and she even talked to them and I talked to them and they refused to help.,0,1
The TJX Companies,They charge whatever they want on your bank account,"They charged me twice for my online shopping, including items that they were out of stock. They were supposed to charge me as the ship the items, which they did not, they actually charged me the whole amount again! They had overdraft my bank account, their customer service haven‚Äôt been helpful at all, none of them have been helpful at all.Basically they emptied my bank account while they ‚Äúinvestigate‚Äù the issue, meanwhile I have no money left in my account.Said Investigacion would take up to 10days.While I have to suck it up for their poor handling of card charges.Never shopping online with them and I will not recommended to anyone. Unless you have extra money to spare for their double charges and inconsistent service online to repair the damage.",0,1
The TJX Companies,TJ Maxx is fantastic,"TJ Maxx is fantastic! I love the variety of products they have as well as the pricing of the products. Sometimes the products are hard to sort through, but other than that I love the store!",0,4
The TJX Companies,TJ MAX in Marlton is miserable !,"Hi, TJ MAX is my favorite store, but TJ MAX in Marlton is miserable ! staff are very rude and unprofessional, they refuse returns and picky about everything every little details. they making all kind of stories just don't return! I hate this store and management. They don't have a rite to treat people like this. I never seen any other store refuse same items what they are refusing to return! from 1 to 10 I would give 0 point to this store and if they not gonna change altitude they will loose many customers! 12/05/19",0,1
The TJX Companies,TJ Maxx is the best,"Tj Maxx is the best. I wish there was a rewards card that was not a credit card, though.",0,5
The TJX Companies,Hello guys,Hello guys I read all bad reviews and unfortunately I agreed . I had bad experience at stores also so I just use on my vacation outside of Country.I have this TJX card almost 10 years was perfect for my 2018-EUROTRIP was a life saver and I just come back from my vacation in South America and again was amazing.Thank you,0,4
The TJX Companies,Crappy to work at,Crappy to work at Too much work to be doneAsking people to open up credit cards and if we don‚Äôt we get talked toPoop in the bathrooms all the timeBipolar managersThe list goes on,0,1
The TJX Companies,ALL PAYMENT IS NOT CREATED EQUAL,"ALL PAYMENT IS NOT CREATED EQUAL! Yup, you heard it... I have ordered items from other vendors online with the option I can return unwanted items to the local store for full credit... not TJ MAX... I used PAYPAL to purchase online and went to the store to make the return... I went up to a store management level and they said ""it can't be done"" ""we can offer you a store credit /card"". OH NO!! So I wound up calling customer service who assured me I would not pay shipping return fee due to ""this mishap"". LIES!!! ALL LIES!! Will never step foot in TJ MAX again. TJ CRAP is more like it...",0,1
The TJX Companies,Takes time to find what you want.,Not as good as it used to be. You can find something you like for a good price but it takes time to search for it.,0,3
The TJX Companies,online ordered was cancelled by them,"online ordered was cancelled by them, it's been a month and still no refund.",0,1
The TJX Companies,There isn't enough of certain items,There isn't enough of certain items. And I feel like once in awhile there should be coupons and or a reward system.,0,3
The TJX Companies,Could not get walk in to work,,0,1
The TJX Companies,Horrible experience at the Muskogee TJ‚Ä¶,"Horrible experience at the Muskogee TJ Maxx tonight. My wife left in tears after an encounter with an insensitive associate. Had I known what this employee said to my wife I would have never made my purchase. I am actually going to take it back since I did not remove the tags. Because if this rude employee we will shop elsewhere. Mind you we are both in our fifties, so we know we are not juniors. This is my wife‚Äôs side of what happened, ‚Äúto the lady in the dressing room at TJ Maxx that informed me, ‚Äúwell they are junior size, you know‚Äù when I told her I would not be taking the jeans that I tried on in the dressing room.....think before you speak! You made me cry and I will not be back. I know I‚Äôm not a junior size, but they looked big and I thought I‚Äôd try. Btw they did fit, they were just tight.....like everything else I own. I will not let you set me back on my diet. #justbefreakinnice #ihateshopping",0,1
The TJX Companies,I love tj maxx!!,I love tj maxx!!! I love searching for treasures at their store :),0,5
The TJX Companies,North andover,Enjoy going to the one in North Andover and finally became a tjmaxx member due to my cashier Selena always telling me one day your going to say yes! I don't know who's day I made more hers or mine,0,5
The TJX Companies,I have found over the past 12 months or‚Ä¶,I have found over the past 12 months or so that the level of service from TJ Maxx has gone down a lot when ordering online. They used to fulfill your order in a couple of days now I find it takes 7 to 10 days before they send it out. Additionally I have lost count of how many times they do not send me the correct quantity of an item. It has happened so many times that I feel like employees in there warehouse are purposely pocketing the goods. I have given this feedback verbally and now online. I hope something changes!,0,1
The TJX Companies,Sneaking Charges on Customer Account,"I just received my bill, there was a charge for a company called credit security. It turns out that credit security is a company which acts like an insurance agency for unpaid balances. This is a very unsavory business practice by TJ Maxx! Buyer beware... while the amount is deminimus, it is still unauthorized. I have spent a good part of my day trying to get this charge removed only to be bounced from agent to agent. My next call will be to cancel my credit card with TJX. Full disclosure people!!",0,1
The TJX Companies,One of my favorite shopping stores,"TJ maxx does not have an online store but I think that's one reason why they are successful. I love shopping at any TJ maxx store because they offer great deals on men's clothing, cologne, and shampoos.",0,5
The TJX Companies,The website says returns are easy but‚Ä¶,The website says returns are easy but they are not.I got an ottoman that is quite big to lug around. I went in store and they claimed they cannot return my item without a SKU which is not in your order confirmation email for some reason.I never recieved the second email they want.(i checked my trash too)The claim that returns are easy is false and should be removed from their website.,0,1
The TJX Companies,I have been a long time very supportive,I have been a long time very supportive customer of TJMaxx. I have in my possession $80 worth of certificates I received for spending money at TJ. They tell me they are expired. Won‚Äôt honor them. Lousy loyalty for this company. I just did away with my credit card. I can use another that actually gives me cash back for purchases. How stupid of the management of TJ Max . They had a captive audience. My credit was impeccable. Balance pd Every month. They need to wake up. I plan to tell as many people as I can about my experience and tell them how to get a cash credit card.,0,1
The TJX Companies,Great shopping experiences (for both quality and price),"I've shopped at TJMaxx companies (including Marshalls and HomeGoods) for years, and have no complaints. It's easy to find cute clothes for work (where I have to dress professionally), the weekend (LOVE that I can find Michael Kors jeans for such low prices!), and my near-daily workouts. Obviously I check everything before I purchase it to make sure it actually fits me and there are no defects, so I can't think of any problems I've ever had with the clothing I've bought from them. The rest of the products I've managed to find on their shelves have all been satisfactory - both in quality and price. And since no two stores are identical, it's great to feel like I might find that ONE top or that ONE decorative figurine in a store I haven't shopped in before. Definitely recommend.",0,5
The TJX Companies,I will never shop on their online store‚Ä¶,I will never shop on their online store ever again. Takes them forever to process and send a package. When I called customer service she claimed that the warehouse was small and not many workers... well if it's small why the hell cant yall do your job.!üòï anyway I placed my order 3/11 6am and it's now 3/15. My order still hasn't been processed. Never again,0,1
The TJX Companies,I enjoy prices and was really impressed‚Ä¶,"I enjoy prices and was really impressed by that ""yellow tag"" sale. Thanks.",0,5
The TJX Companies,It's pretty alright...,The TJ Maxx in my hometown is pretty nice. Employees are super friendly and the store is always clean and organized unlike its competitors. They usually have great home decor at TJ Maxx. I'll go here before going to its competitors if I can't find what I'm looking for.,0,4
The TJX Companies,Harrassing Manager,I was just looking around the store and the North Olmsted manager Alexa asked if she could help me and I said no. Then she went on several times about asking me if I wanted help. I didn't know why she was going on and on and I felt that she singled me out and was harassing me. I did let her know how I feel but all she did was argue and say how she was just trying to help. She singled me out and she harassed me. I was minding my own business just shopping. She should not be harassing or driving the customers away from the store.,0,1
The TJX Companies,unprofessional unknowledgable staff at‚Ä¶,unprofessional unknowledgable staff at stores. cant use paypal if you may need to return from online order unless youll take store credit according to victor staff it has to be for store credit smh √ó 1000. and dear mercy dont try to return any items from online order even w tags and receipt. they have no clue,0,2
The TJX Companies,TJ Maxx doesn't stand by the quality of their products.,"I recently purchased a pair of cloth boots for my wife's birthday from the Miami Beach TJ Maxx, and the seam attaching the boot to the sole came apart the 2nd time she wore them! I took them back to my local store for a refund, but the refund was denied by the store manager, the reason being that the boots had been worn! What bothers me about this, is that the seam was obviously defective when I bought it, or it wouldn't have come apart so quickly. I asked about a store credit, but that was also denied. Walmart, Target, and Ross stand by the quality of their products. Why doesn't TJ Maxx? Needless to say, we will not purchase TJ Maxx clothes or footwear in the future.",0,1
The TJX Companies,Good products,"Good products, but some brands (Old Navy, Ralph Lauren, Brooks Brothers) makes clothes especially for discount, so its best to evaluate the products in store rather than online. Online shipping can be slow. Otherwise, if you know the brand, it's a great way to get good products severely discounted. Never had a negative encounter with any sales person, everyone has been really cordial, I've always had a good experience.",0,4
The TJX Companies,Merrillville TJMaxx,......Gianna.... the cashier at the Merrillville Indiana TJ Maxx is unprofessional and very rude. I just might have to jump on the Amazon bandwagon like everyone else and buy online. It would have saved me time and and I would have never had to deal with such a nasty attitude while handing over my hard earned cash to someone who could care less about your company or her job for that matter.,0,1
The TJX Companies,BEWARE!,"I place an order for $178.00 on Nov. 14. I received an order Nov 26. Unfortunately, this was not MY order. My order was sent to someone in another state while I received hers. When I called customer service I was told that I would need to send what I was sent back to them and they will process my refund. This refund will take 10-14 days for them to process and my bank another 3-5 days to post, on top of the 2 weeks it takes for them to receive the shipment back from me. Customer service said that was all they could do since the package isn't considered lost. Now I am out the money and the gifts meant for my children for Christmas. I will NEVER waste my money and energy at Tj Maxx. I feel like they stole from me.",0,1
The TJX Companies,Marshall is a great place with great‚Ä¶,Marshall is a great place with great people working the store 797 is the best smiling friendly service always,0,5
The TJX Companies,So-So,"I get some good clothes from TJ Maxx but to be honest the materials can be eh. Do not order online- terrible gamble, you never know how it really works. Online gamble reminds me of Romwe and Shein and it is acceptable in stores when you can try it on. TJ is good for a budget but so is Target. I recommend to people with plenty of time to try things on.",0,3
The TJX Companies,Unhappy Customer,"I bought a comforter from the TJMaxx website and paid for it using PayPal. It arrived extremely wrinkled and did not look like pictured online. I tried to return it at the TJMaxx store in Bensalem, PA within two days of receiving it with receipt in hand and was told I could get store credit. Racheal (Assistant Mgr) tried showing me a flip book with their store policy, which does not help after buying from their website. She refused to let me speak with the Store Manager and would not give me the name of their Regional Sales Director. She smiled throughout the ordeal, which was infuriating. TJX companies have an unfair return policy. PayPal is now involved and informed that they will ask TJMaxx to refund my money and if they refuse, the money will be taken back from them as a credit owed to PayPal.",0,1
The TJX Companies,I would recommend going into the store‚Ä¶,I would recommend going into the store because I ordered kids stuff from here and what I was shipped did not work,0,4
The TJX Companies,Online is HORRIBLE DO NOT SHOP ONLINE,Shopping in store is good but online TERRIBLE! Do not order online! I've ordered online twice now and even to send out my order takes 7-10 business days for them to process each time. They are a huge company and should at least try to send out orders within a reasonable time frame like 3-4 business days but each time I have ordered from them they have taken 7-10 business days to process my order and get it sent out! THEY ARE TERRIBLE!!! I can't believe it would take them that long to send out someone's order!!!,0,1
The TJX Companies,I ordered 2 dresses and 2 pair of capri‚Ä¶,"I ordered 2 dresses and 2 pair of capri on the 6/4, received them on the 6/12th, returned everything cause the dresses were too heavy for an outdoor wedding, and the capris just didn't look good on me. TJX received the items on the 15th. I have email a number in times to the company and called. All I get it is being progressed and that takes 10 business days. The bill was 117.66 and I still don't have my refund. I called last week and was told that the refund be in my account Monday. I called today 7/17 and they said they didn't get the items till 7/9th. I wouldn't get my refund for another 10 business days. It is ashamed that they treat their customers this. I am out $117.00 with no items. I told customer service that I was going to put this FB, cause I believe this is what they call stealing from customers and she didn't really care. So don't but on line from TJX",0,1
The TJX Companies,Love the products,,0,4
The TJX Companies,Long waiting time,,0,3
The TJX Companies,WEBSITE IS A SCAM,"I placed an order about 10 days ago online. It has not shipped and they will not answer my requests to cancel it. I have just received information from my bank that there was suspicious activity on my account. I looked and it was the TJ Maxx purchase. They had reversed my payment, then taken it out again. DO NOT ORDER FROM TJ MAXX ONLINE.",0,1
The TJX Companies,I love this particular store because,"I love this particular store because: their prices are always reasonable,their customer service is always good and that's it!!",0,4
The TJX Companies,Long shipping time,"Careful ordering from the TJMAXX website if you need the item soon.I ordered Thursday July 13th. A week later, Thursday July 20th, I still had not received an email that the item shipped so I called. They told me the order was still being fulfilled and it is expected to be at my house Wednesday July 26th.I am going out of town the 27th and I really need this luggage. Be mindful guys!UPDATE 8/1I returned the luggage in store. TJMaxx refunded the money. Then, that same day they withdrew the money again. I have called corporate regarding this matter. I would not recommend this company to anyone. Again, be mindful.",0,1
The TJX Companies,Good store with lots of nice stuff BUT ‚Ä¶,"Good store with lots of nice stuff BUT why don't you sell shoes for men? Rapid City, SD",0,4
The TJX Companies,Can't Touch This Store  from TF,"I been a shopper for over a decade with TJ Max they have been so helpful in my life I shop for my whole family and I find wonderful gifts everytime I mean Everything you need to design your home to shoes , jewlery and clothes for everyone and the babies also no matter what size you are TJ Max have what your looking for Love the shoes the bags I tell you I have some great items from this stores I love the quality it been ever lasting items for me I have made TJ Max apart of my Family Affair for years I will always be valuable and loyal customer Thank you for everything Max a Mise my Life with Syle",0,5
The TJX Companies,THE BEST,"Not only do they sell furniture and household items at great prices but they have items for every budget...I love their unique and stylish active wear....love going to their stores. The only thing is the sizing for women bottoms can run large (it depends) and idk if they don't carry it or they sell out fast but its hard to find a womens size 2...and a WISHLIST on the site would be great, hard to remember everything you see that you like... and I wish they had measurements in inches to get a idea if it'll fall how I want on my body at a certain length but the company is amazing and will still be here when macys and jcp eventually flop for good.",0,5
The TJX Companies,Fantastic deals!,"Why shop regular retail when TJMaxx is available? I always find unbelievable steals at this place. And it is not just the clothes. You can find designer bags, jewelry, shoes and amazing bath products all very inexpensively priced. Love this store!",0,5
The TJX Companies,Great Unique Fashions For Discount Prices!,Love the sales at TJMaxx and I can always count on finding something fashionable for way below retail. Great brand and good customer service.,0,5
